{
  "vote": 21,
  "onset": 0.75,
  "f1": 0.8915758854731078,
  "precision": 0.8863687911090951,
  "recall": 0.8968445209409065,
  "sf_rate": 0.9577789150460594,
  "e2e": 0.8589787722317843,
  "tp": 7816,
  "tp_sf": 7486,
  "fp": 1002,
  "fn": 899,
  "gt": 8715
}