{
  "stage1_baseline": 0.692714126807564,
  "stage1_best": 0.7383203559510567,
  "stage1_songs": 20,
  "stage1_notes": 3596,
  "stage1_trials": 200,
  "full_current": 0.6091299058838594,
  "full_optimized": 0.6616780843844036,
  "full_songs": 360,
  "full_notes": 62476,
  "best_params": {
    "w_open_string_bonus": -7.20660863212408,
    "w_open_match_bonus": -14.418706830051132,
    "w_fret_height": 0.9340171362124784,
    "w_high_fret_extra": 9.70558969055718,
    "w_movement": 29.527150068902717,
    "w_position_shift": 75.05714579129804,
    "w_string_switch": 1.0620699901838142,
    "w_same_string_repeat": 13.91274447958771,
    "w_sweet_spot_bonus": -4.759436453773106,
    "w_pima_natural_bonus": -4.368993631426372,
    "w_pima_thumb_bass": -3.5063056194872466,
    "w_pima_thumb_wrong": 11.798944885777424,
    "w_pima_crossing": 25.761009339548455,
    "w_pima_same_finger": 15.36830299640524,
    "w_radicioni_stretch": 19.443997904451876,
    "w_radicioni_independence": 1.0200323639029734
  }
}